round.roundNumber,team.name,opponent,venue.name,PF_AVG,PF,PF_diff,Opp_PAPG,PA_diff,Venue_AVG,PPV_diff
1,Adelaide Crows,Gold Coast SUNS,People First Stadium,1539.83,1441.0,-6.42,1531.39,-5.9,1478.28,-2.52
2,Adelaide Crows,Geelong Cats,Adelaide Oval,1539.83,1630.0,5.86,1585.17,2.83,1511.26,7.86
3,Adelaide Crows,Fremantle,Optus Stadium,1539.83,1450.0,-5.83,1503.78,-3.58,1505.23,-3.67
4,Adelaide Crows,Melbourne,Adelaide Oval,1539.83,1576.0,2.35,1562.04,0.89,1511.26,4.28
5,Adelaide Crows,Carlton,Marvel Stadium,1539.83,1451.0,-5.77,1500.87,-3.32,1544.71,-6.07
6,Adelaide Crows,Essendon,Adelaide Oval,1539.83,1492.0,-3.11,1494.26,-0.15,1511.26,-1.27
7,Adelaide Crows,North Melbourne,Ninja Stadium,1539.83,1708.0,10.92,1545.13,10.54,1544.75,10.57
8,Adelaide Crows,Port Adelaide,Adelaide Oval,1539.83,1594.0,3.52,1431.43,11.36,1511.26,5.47
9,Adelaide Crows,Brisbane Lions,Adelaide Oval,1539.83,1498.0,-2.72,1464.22,2.31,1511.26,-0.88
10,Adelaide Crows,Collingwood,MCG,1539.83,1706.0,10.79,1549.78,10.08,1540.73,10.73
11,Adelaide Crows,West Coast Eagles,Adelaide Oval,1539.83,1761.0,14.36,1611.65,9.27,1511.26,16.53
12,Adelaide Crows,Hawthorn,MCG,1539.83,1557.0,1.12,1516.96,2.64,1540.73,1.06
13,Adelaide Crows,Richmond,Adelaide Oval,1539.83,1619.0,5.14,1652.3,-2.02,1511.26,7.13
14,Adelaide Crows,Sydney Swans,Adelaide Oval,1539.83,1467.0,-4.73,1486.57,-1.32,1511.26,-2.93
16,Adelaide Crows,GWS GIANTS,Adelaide Oval,1539.83,1528.0,-0.77,1448.04,5.52,1511.26,1.11
17,Adelaide Crows,Brisbane Lions,Gabba,1539.83,1461.0,-5.12,1464.22,-0.22,1509.23,-3.2
18,Adelaide Crows,St Kilda,Adelaide Oval,1539.83,1492.0,-3.11,1560.61,-4.4,1511.26,-1.27
19,Adelaide Crows,Essendon,Marvel Stadium,1539.83,1445.0,-6.16,1494.26,-3.3,1544.71,-6.45
20,Adelaide Crows,Hawthorn,Adelaide Oval,1539.83,1400.0,-9.08,1516.96,-7.71,1511.26,-7.36
21,Adelaide Crows,Geelong Cats,GMHBA Stadium,1539.83,1645.0,6.83,1585.17,3.77,1545.83,6.42
22,Adelaide Crows,Western Bulldogs,Adelaide Oval,1539.83,1667.0,8.26,1507.74,10.56,1511.26,10.31
23,Adelaide Crows,Port Adelaide,Adelaide Oval,1539.83,1397.0,-9.28,1431.43,-2.41,1511.26,-7.56
24,Adelaide Crows,Sydney Swans,SCG,1539.83,1431.0,-7.07,1486.57,-3.74,1504.32,-4.87
0,Brisbane Lions,Carlton,Gabba,1597.87,1458.0,-8.75,1500.87,-2.86,1509.23,-3.39
1,Brisbane Lions,Fremantle,Optus Stadium,1597.87,1544.0,-3.37,1503.78,2.67,1505.23,2.58
3,Brisbane Lions,Collingwood,Gabba,1597.87,1449.0,-9.32,1549.78,-6.5,1509.23,-3.99
4,Brisbane Lions,North Melbourne,Norwood Oval,1597.87,1635.0,2.32,1545.13,5.82,1589.5,2.86
5,Brisbane Lions,Melbourne,MCG,1597.87,1812.0,13.4,1562.04,16.0,1540.73,17.61
6,Brisbane Lions,Geelong Cats,Gabba,1597.87,1488.0,-6.88,1585.17,-6.13,1509.23,-1.41
7,Brisbane Lions,GWS GIANTS,Manuka Oval,1597.87,1335.0,-16.45,1448.04,-7.81,1524.17,-12.41
8,Brisbane Lions,Gold Coast SUNS,Gabba,1597.87,1781.0,11.46,1531.39,16.3,1509.23,18.01
9,Brisbane Lions,Adelaide Crows,Adelaide Oval,1597.87,1621.0,1.45,1507.87,7.5,1511.26,7.26
10,Brisbane Lions,Richmond,Gabba,1597.87,1869.0,16.97,1652.3,13.12,1509.23,23.84
11,Brisbane Lions,Hawthorn,Marvel Stadium,1597.87,1534.0,-4.0,1516.96,1.12,1544.71,-0.69
13,Brisbane Lions,Western Bulldogs,Marvel Stadium,1597.87,1691.0,5.83,1507.74,12.15,1544.71,9.47
14,Brisbane Lions,St Kilda,Gabba,1597.87,1633.0,2.2,1560.61,4.64,1509.23,8.2
15,Brisbane Lions,Port Adelaide,Adelaide Oval,1597.87,1769.0,10.71,1431.43,23.58,1511.26,17.05
16,Brisbane Lions,Melbourne,Gabba,1597.87,1630.0,2.01,1562.04,4.35,1509.23,8.0
17,Brisbane Lions,Adelaide Crows,Gabba,1597.87,1518.0,-5.0,1507.87,0.67,1509.23,0.58
18,Brisbane Lions,West Coast Eagles,Optus Stadium,1597.87,1548.0,-3.12,1611.65,-3.95,1505.23,2.84
19,Brisbane Lions,Sydney Swans,Gabba,1597.87,1539.0,-3.68,1486.57,3.53,1509.23,1.97
20,Brisbane Lions,Gold Coast SUNS,People First Stadium,1597.87,1774.0,11.02,1531.39,15.84,1478.28,20.0
21,Brisbane Lions,St Kilda,Marvel Stadium,1597.87,1637.0,2.45,1560.61,4.89,1544.71,5.97
22,Brisbane Lions,GWS GIANTS,Gabba,1597.87,1431.0,-10.44,1448.04,-1.18,1509.23,-5.18
23,Brisbane Lions,Collingwood,MCG,1597.87,1391.0,-12.95,1549.78,-10.25,1540.73,-9.72
24,Brisbane Lions,Essendon,Gabba,1597.87,1664.0,4.14,1494.26,11.36,1509.23,10.25
0,Carlton,Brisbane Lions,Gabba,1558.13,1489.0,-4.44,1464.22,1.69,1509.23,-1.34
1,Carlton,Richmond,MCG,1558.13,1586.0,1.79,1652.3,-4.01,1540.73,2.94
3,Carlton,North Melbourne,Marvel Stadium,1558.13,1666.0,6.92,1545.13,7.82,1544.71,7.85
4,Carlton,Fremantle,Adelaide Oval,1558.13,1635.0,4.93,1503.78,8.73,1511.26,8.19
5,Carlton,Adelaide Crows,Marvel Stadium,1558.13,1513.0,-2.9,1507.87,0.34,1544.71,-2.05
6,Carlton,GWS GIANTS,Marvel Stadium,1558.13,1508.0,-3.22,1448.04,4.14,1544.71,-2.38
7,Carlton,Geelong Cats,MCG,1558.13,1624.0,4.23,1585.17,2.45,1540.73,5.4
8,Carlton,Collingwood,MCG,1558.13,1527.0,-2.0,1549.78,-1.47,1540.73,-0.89
9,Carlton,Melbourne,MCG,1558.13,1512.0,-2.96,1562.04,-3.2,1540.73,-1.86
10,Carlton,Sydney Swans,SCG,1558.13,1418.0,-8.99,1486.57,-4.61,1504.32,-5.74
11,Carlton,Gold Coast SUNS,Marvel Stadium,1558.13,1781.0,14.3,1531.39,16.3,1544.71,15.3
12,Carlton,Port Adelaide,Adelaide Oval,1558.13,1528.0,-1.93,1431.43,6.75,1511.26,1.11
13,Carlton,Essendon,MCG,1558.13,1474.0,-5.4,1494.26,-1.36,1540.73,-4.33
15,Carlton,Geelong Cats,MCG,1558.13,1705.0,9.43,1585.17,7.56,1540.73,10.66
16,Carlton,Richmond,MCG,1558.13,1657.0,6.35,1652.3,0.28,1540.73,7.55
17,Carlton,GWS GIANTS,ENGIE Stadium,1558.13,1354.0,-13.1,1448.04,-6.49,1499.12,-9.68
18,Carlton,Western Bulldogs,Marvel Stadium,1558.13,1617.0,3.78,1507.74,7.25,1544.71,4.68
19,Carlton,North Melbourne,Marvel Stadium,1558.13,1413.0,-9.31,1545.13,-8.55,1544.71,-8.53
20,Carlton,Port Adelaide,Marvel Stadium,1558.13,1426.0,-8.48,1431.43,-0.38,1544.71,-7.68
21,Carlton,Collingwood,MCG,1558.13,1592.0,2.17,1549.78,2.72,1540.73,3.33
22,Carlton,Hawthorn,MCG,1558.13,1483.0,-4.82,1516.96,-2.24,1540.73,-3.75
23,Carlton,West Coast Eagles,Optus Stadium,1558.13,1708.0,9.62,1611.65,5.98,1505.23,13.47
24,Carlton,St Kilda,Marvel Stadium,1558.13,1621.0,4.03,1560.61,3.87,1544.71,4.94
0,Collingwood,GWS GIANTS,ENGIE Stadium,1477.39,1488.0,0.72,1448.04,2.76,1499.12,-0.74
1,Collingwood,Sydney Swans,MCG,1477.39,1457.0,-1.38,1486.57,-1.99,1540.73,-5.43
2,Collingwood,St Kilda,MCG,1477.39,1401.0,-5.17,1560.61,-10.23,1540.73,-9.07
3,Collingwood,Brisbane Lions,Gabba,1477.39,1516.0,2.61,1464.22,3.54,1509.23,0.45
4,Collingwood,Hawthorn,Adelaide Oval,1477.39,1529.0,3.49,1516.96,0.79,1511.26,1.17
6,Collingwood,Port Adelaide,MCG,1477.39,1509.0,2.14,1431.43,5.42,1540.73,-2.06
7,Collingwood,Essendon,MCG,1477.39,1393.0,-5.71,1494.26,-6.78,1540.73,-9.59
8,Collingwood,Carlton,MCG,1477.39,1497.0,1.33,1500.87,-0.26,1540.73,-2.84
9,Collingwood,West Coast Eagles,Marvel Stadium,1477.39,1601.0,8.37,1611.65,-0.66,1544.71,3.64
10,Collingwood,Adelaide Crows,MCG,1477.39,1604.0,8.57,1507.87,6.38,1540.73,4.11
11,Collingwood,Fremantle,Optus Stadium,1477.39,1587.0,7.42,1503.78,5.53,1505.23,5.43
12,Collingwood,Western Bulldogs,Marvel Stadium,1477.39,1514.0,2.48,1507.74,0.42,1544.71,-1.99
13,Collingwood,Melbourne,MCG,1477.39,1619.0,9.59,1562.04,3.65,1540.73,5.08
14,Collingwood,North Melbourne,Marvel Stadium,1477.39,1308.0,-11.47,1545.13,-15.35,1544.71,-15.32
16,Collingwood,Gold Coast SUNS,People First Stadium,1477.39,1432.0,-3.07,1531.39,-6.49,1478.28,-3.13
17,Collingwood,Essendon,MCG,1477.39,1406.0,-4.83,1494.26,-5.91,1540.73,-8.74
18,Collingwood,Geelong Cats,MCG,1477.39,1431.0,-3.14,1585.17,-9.73,1540.73,-7.12
19,Collingwood,Hawthorn,MCG,1477.39,1281.0,-13.29,1516.96,-15.55,1540.73,-16.86
20,Collingwood,Richmond,MCG,1477.39,1458.0,-1.31,1652.3,-11.76,1540.73,-5.37
21,Collingwood,Carlton,MCG,1477.39,1349.0,-8.69,1500.87,-10.12,1540.73,-12.44
22,Collingwood,Sydney Swans,SCG,1477.39,1433.0,-3.0,1486.57,-3.6,1504.32,-4.74
23,Collingwood,Brisbane Lions,MCG,1477.39,1506.0,1.94,1464.22,2.85,1540.73,-2.25
24,Collingwood,Melbourne,MCG,1477.39,1661.0,12.43,1562.04,6.34,1540.73,7.81
1,Essendon,Hawthorn,MCG,1609.09,1553.0,-3.49,1516.96,2.38,1540.73,0.8
2,Essendon,Sydney Swans,SCG,1609.09,1433.0,-10.94,1486.57,-3.6,1504.32,-4.74
3,Essendon,St Kilda,Marvel Stadium,1609.09,1771.0,10.06,1560.61,13.48,1544.71,14.65
4,Essendon,Port Adelaide,Adelaide Oval,1609.09,1538.0,-4.42,1431.43,7.45,1511.26,1.77
5,Essendon,Western Bulldogs,Marvel Stadium,1609.09,1565.0,-2.74,1507.74,3.8,1544.71,1.31
6,Essendon,Adelaide Crows,Adelaide Oval,1609.09,1589.0,-1.25,1507.87,5.38,1511.26,5.14
7,Essendon,Collingwood,MCG,1609.09,1597.0,-0.75,1549.78,3.05,1540.73,3.65
8,Essendon,West Coast Eagles,Optus Stadium,1609.09,1616.0,0.43,1611.65,0.27,1505.23,7.36
9,Essendon,GWS GIANTS,Marvel Stadium,1609.09,1680.0,4.41,1448.04,16.02,1544.71,8.76
10,Essendon,North Melbourne,Marvel Stadium,1609.09,1497.0,-6.97,1545.13,-3.11,1544.71,-3.09
11,Essendon,Richmond,MCG,1609.09,1620.0,0.68,1652.3,-1.95,1540.73,5.14
12,Essendon,Gold Coast SUNS,People First Stadium,1609.09,1556.0,-3.3,1531.39,1.61,1478.28,5.26
13,Essendon,Carlton,MCG,1609.09,1594.0,-0.94,1500.87,6.21,1540.73,3.46
15,Essendon,West Coast Eagles,Marvel Stadium,1609.09,1763.0,9.57,1611.65,9.39,1544.71,14.13
16,Essendon,Geelong Cats,MCG,1609.09,1529.0,-4.98,1585.17,-3.54,1540.73,-0.76
17,Essendon,Collingwood,MCG,1609.09,1809.0,12.42,1549.78,16.73,1540.73,17.41
18,Essendon,Melbourne,MCG,1609.09,1742.0,8.26,1562.04,11.52,1540.73,13.06
19,Essendon,Adelaide Crows,Marvel Stadium,1609.09,1619.0,0.62,1507.87,7.37,1544.71,4.81
20,Essendon,St Kilda,Marvel Stadium,1609.09,1416.0,-12.0,1560.61,-9.27,1544.71,-8.33
21,Essendon,Fremantle,MCG,1609.09,1614.0,0.31,1503.78,7.33,1540.73,4.76
22,Essendon,Gold Coast SUNS,Marvel Stadium,1609.09,1657.0,2.98,1531.39,8.2,1544.71,7.27
23,Essendon,Sydney Swans,Marvel Stadium,1609.09,1558.0,-3.18,1486.57,4.81,1544.71,0.86
24,Essendon,Brisbane Lions,Gabba,1609.09,1693.0,5.21,1464.22,15.62,1509.23,12.18
1,Fremantle,Brisbane Lions,Optus Stadium,1541.65,1653.0,7.22,1464.22,12.89,1505.23,9.82
2,Fremantle,North Melbourne,Marvel Stadium,1541.65,1523.0,-1.21,1545.13,-1.43,1544.71,-1.41
3,Fremantle,Adelaide Crows,Optus Stadium,1541.65,1670.0,8.33,1507.87,10.75,1505.23,10.95
4,Fremantle,Carlton,Adelaide Oval,1541.65,1561.0,1.26,1500.87,4.01,1511.26,3.29
5,Fremantle,Port Adelaide,Adelaide Oval,1541.65,1293.0,-16.13,1431.43,-9.67,1511.26,-14.44
6,Fremantle,West Coast Eagles,Optus Stadium,1541.65,1417.0,-8.09,1611.65,-12.08,1505.23,-5.86
7,Fremantle,Western Bulldogs,Optus Stadium,1541.65,1563.0,1.38,1507.74,3.67,1505.23,3.84
8,Fremantle,Richmond,MCG,1541.65,1788.0,15.98,1652.3,8.21,1540.73,16.05
9,Fremantle,Sydney Swans,Optus Stadium,1541.65,1415.0,-8.22,1486.57,-4.81,1505.23,-5.99
10,Fremantle,St Kilda,Marvel Stadium,1541.65,1630.0,5.73,1560.61,4.45,1544.71,5.52
11,Fremantle,Collingwood,Optus Stadium,1541.65,1722.0,11.7,1549.78,11.11,1505.23,14.4
12,Fremantle,Melbourne,TIO Traeger Park,1541.65,1971.0,27.85,1562.04,26.18,1713.0,15.06
14,Fremantle,Western Bulldogs,Marvel Stadium,1541.65,1284.0,-16.71,1507.74,-14.84,1544.71,-16.88
15,Fremantle,Gold Coast SUNS,Optus Stadium,1541.65,1489.0,-3.42,1531.39,-2.77,1505.23,-1.08
16,Fremantle,Sydney Swans,SCG,1541.65,1533.0,-0.56,1486.57,3.12,1504.32,1.91
17,Fremantle,Richmond,Optus Stadium,1541.65,1612.0,4.56,1652.3,-2.44,1505.23,7.09
18,Fremantle,Hawthorn,University of Tasmania Stadium,1541.65,1521.0,-1.34,1516.96,0.27,1475.62,3.08
19,Fremantle,Melbourne,Optus Stadium,1541.65,1531.0,-0.69,1562.04,-1.99,1505.23,1.71
20,Fremantle,West Coast Eagles,Optus Stadium,1541.65,1494.0,-3.09,1611.65,-7.3,1505.23,-0.75
21,Fremantle,Essendon,MCG,1541.65,1448.0,-6.07,1494.26,-3.1,1540.73,-6.02
22,Fremantle,Geelong Cats,Optus Stadium,1541.65,1595.0,3.46,1585.17,0.62,1505.23,5.96
23,Fremantle,GWS GIANTS,ENGIE Stadium,1541.65,1300.0,-15.67,1448.04,-10.22,1499.12,-13.28
24,Fremantle,Port Adelaide,Optus Stadium,1541.65,1445.0,-6.27,1431.43,0.95,1505.23,-4.0
0,GWS GIANTS,Collingwood,ENGIE Stadium,1572.3,1526.0,-2.94,1549.78,-1.53,1499.12,1.79
1,GWS GIANTS,North Melbourne,ENGIE Stadium,1572.3,1660.0,5.58,1545.13,7.43,1499.12,10.73
2,GWS GIANTS,West Coast Eagles,Optus Stadium,1572.3,1763.0,12.13,1611.65,9.39,1505.23,17.12
4,GWS GIANTS,Gold Coast SUNS,Adelaide Hills,1572.3,1458.0,-7.27,1531.39,-4.79,1476.0,-1.22
5,GWS GIANTS,St Kilda,Manuka Oval,1572.3,1556.0,-1.04,1560.61,-0.3,1524.17,2.09
6,GWS GIANTS,Carlton,Marvel Stadium,1572.3,1584.0,0.74,1500.87,5.54,1544.71,2.54
7,GWS GIANTS,Brisbane Lions,Manuka Oval,1572.3,1673.0,6.4,1464.22,14.26,1524.17,9.76
8,GWS GIANTS,Sydney Swans,SCG,1572.3,1411.0,-10.26,1486.57,-5.08,1504.32,-6.2
9,GWS GIANTS,Essendon,Marvel Stadium,1572.3,1448.0,-7.91,1494.26,-3.1,1544.71,-6.26
10,GWS GIANTS,Western Bulldogs,ENGIE Stadium,1572.3,1533.0,-2.5,1507.74,1.68,1499.12,2.26
11,GWS GIANTS,Geelong Cats,GMHBA Stadium,1572.3,1575.0,0.17,1585.17,-0.64,1545.83,1.89
13,GWS GIANTS,Hawthorn,University of Tasmania Stadium,1572.3,1450.0,-7.78,1516.96,-4.41,1475.62,-1.74
14,GWS GIANTS,Port Adelaide,ENGIE Stadium,1572.3,1568.0,-0.27,1431.43,9.54,1499.12,4.59
15,GWS GIANTS,Sydney Swans,ENGIE Stadium,1572.3,1575.0,0.17,1486.57,5.95,1499.12,5.06
16,GWS GIANTS,Adelaide Crows,Adelaide Oval,1572.3,1611.0,2.46,1507.87,6.84,1511.26,6.6
17,GWS GIANTS,Carlton,ENGIE Stadium,1572.3,1730.0,10.03,1500.87,15.27,1499.12,15.4
18,GWS GIANTS,Richmond,MCG,1572.3,1677.0,6.66,1652.3,1.49,1540.73,8.84
19,GWS GIANTS,Gold Coast SUNS,ENGIE Stadium,1572.3,1648.0,4.81,1531.39,7.61,1499.12,9.93
20,GWS GIANTS,Melbourne,MCG,1572.3,1656.0,5.32,1562.04,6.02,1540.73,7.48
21,GWS GIANTS,Hawthorn,Manuka Oval,1572.3,1529.0,-2.75,1516.96,0.79,1524.17,0.32
22,GWS GIANTS,Brisbane Lions,Gabba,1572.3,1412.0,-10.2,1464.22,-3.57,1509.23,-6.44
23,GWS GIANTS,Fremantle,ENGIE Stadium,1572.3,1659.0,5.51,1503.78,10.32,1499.12,10.66
24,GWS GIANTS,Western Bulldogs,Mars Stadium,1572.3,1461.0,-7.08,1507.74,-3.1,1504.0,-2.86
1,Geelong Cats,St Kilda,GMHBA Stadium,1535.35,1541.0,0.37,1560.61,-1.26,1545.83,-0.31
2,Geelong Cats,Adelaide Crows,Adelaide Oval,1535.35,1510.0,-1.65,1507.87,0.14,1511.26,-0.08
3,Geelong Cats,Hawthorn,MCG,1535.35,1700.0,10.72,1516.96,12.07,1540.73,10.34
4,Geelong Cats,Western Bulldogs,Adelaide Oval,1535.35,1523.0,-0.8,1507.74,1.01,1511.26,0.78
5,Geelong Cats,North Melbourne,GMHBA Stadium,1535.35,1475.0,-3.93,1545.13,-4.54,1545.83,-4.58
6,Geelong Cats,Brisbane Lions,Gabba,1535.35,1462.0,-4.78,1464.22,-0.15,1509.23,-3.13
7,Geelong Cats,Carlton,MCG,1535.35,1485.0,-3.28,1500.87,-1.06,1540.73,-3.62
8,Geelong Cats,Melbourne,MCG,1535.35,1474.0,-4.0,1562.04,-5.64,1540.73,-4.33
9,Geelong Cats,Port Adelaide,GMHBA Stadium,1535.35,1423.0,-7.32,1431.43,-0.59,1545.83,-7.95
10,Geelong Cats,Gold Coast SUNS,TIO Stadium,1535.35,1358.0,-11.55,1531.39,-11.32,1583.5,-14.24
11,Geelong Cats,GWS GIANTS,GMHBA Stadium,1535.35,1536.0,0.04,1448.04,6.07,1545.83,-0.64
12,Geelong Cats,Richmond,GMHBA Stadium,1535.35,1611.0,4.93,1652.3,-2.5,1545.83,4.22
13,Geelong Cats,Sydney Swans,SCG,1535.35,1388.0,-9.6,1486.57,-6.63,1504.32,-7.73
15,Geelong Cats,Carlton,MCG,1535.35,1423.0,-7.32,1500.87,-5.19,1540.73,-7.64
16,Geelong Cats,Essendon,MCG,1535.35,1698.0,10.59,1494.26,13.63,1540.73,10.21
17,Geelong Cats,Hawthorn,GMHBA Stadium,1535.35,1712.0,11.51,1516.96,12.86,1545.83,10.75
18,Geelong Cats,Collingwood,MCG,1535.35,1793.0,16.78,1549.78,15.69,1540.73,16.37
19,Geelong Cats,Western Bulldogs,GMHBA Stadium,1535.35,1466.0,-4.52,1507.74,-2.77,1545.83,-5.16
20,Geelong Cats,North Melbourne,Ninja Stadium,1535.35,1655.0,7.79,1545.13,7.11,1544.75,7.14
21,Geelong Cats,Adelaide Crows,GMHBA Stadium,1535.35,1497.0,-2.5,1507.87,-0.72,1545.83,-3.16
22,Geelong Cats,Fremantle,Optus Stadium,1535.35,1381.0,-10.05,1503.78,-8.16,1505.23,-8.25
23,Geelong Cats,St Kilda,Marvel Stadium,1535.35,1410.0,-8.16,1560.61,-9.65,1544.71,-8.72
24,Geelong Cats,West Coast Eagles,GMHBA Stadium,1535.35,1792.0,16.72,1611.65,11.19,1545.83,15.92
0,Gold Coast SUNS,Richmond,People First Stadium,1479.26,1570.0,6.13,1652.3,-4.98,1478.28,6.2
1,Gold Coast SUNS,Adelaide Crows,People First Stadium,1479.26,1478.0,-0.09,1507.87,-1.98,1478.28,-0.02
2,Gold Coast SUNS,Western Bulldogs,Mars Stadium,1479.26,1401.0,-5.29,1507.74,-7.08,1504.0,-6.85
4,Gold Coast SUNS,GWS GIANTS,Adelaide Hills,1479.26,1435.0,-2.99,1448.04,-0.9,1476.0,-2.78
5,Gold Coast SUNS,Hawthorn,People First Stadium,1479.26,1650.0,11.54,1516.96,8.77,1478.28,11.62
6,Gold Coast SUNS,Sydney Swans,SCG,1479.26,1428.0,-3.47,1486.57,-3.94,1504.32,-5.07
7,Gold Coast SUNS,West Coast Eagles,People First Stadium,1479.26,1543.0,4.31,1611.65,-4.26,1478.28,4.38
8,Gold Coast SUNS,Brisbane Lions,Gabba,1479.26,1250.0,-15.5,1464.22,-14.63,1509.23,-17.18
9,Gold Coast SUNS,North Melbourne,TIO Stadium,1479.26,1633.0,10.39,1545.13,5.69,1583.5,3.13
10,Gold Coast SUNS,Geelong Cats,TIO Stadium,1479.26,1863.0,25.94,1585.17,17.53,1583.5,17.65
11,Gold Coast SUNS,Carlton,Marvel Stadium,1479.26,1312.0,-11.31,1500.87,-12.58,1544.71,-15.06
12,Gold Coast SUNS,Essendon,People First Stadium,1479.26,1484.0,0.32,1494.26,-0.69,1478.28,0.39
13,Gold Coast SUNS,St Kilda,Marvel Stadium,1479.26,1659.0,12.15,1560.61,6.3,1544.71,7.4
15,Gold Coast SUNS,Fremantle,Optus Stadium,1479.26,1512.0,2.21,1503.78,0.55,1505.23,0.45
16,Gold Coast SUNS,Collingwood,People First Stadium,1479.26,1579.0,6.74,1549.78,1.89,1478.28,6.81
17,Gold Coast SUNS,North Melbourne,Marvel Stadium,1479.26,1322.0,-10.63,1545.13,-14.44,1544.71,-14.42
18,Gold Coast SUNS,Port Adelaide,People First Stadium,1479.26,1453.0,-1.78,1431.43,1.51,1478.28,-1.71
19,Gold Coast SUNS,GWS GIANTS,ENGIE Stadium,1479.26,1368.0,-7.52,1448.04,-5.53,1499.12,-8.75
20,Gold Coast SUNS,Brisbane Lions,People First Stadium,1479.26,1363.0,-7.86,1464.22,-6.91,1478.28,-7.8
21,Gold Coast SUNS,West Coast Eagles,Optus Stadium,1479.26,1346.0,-9.01,1611.65,-16.48,1505.23,-10.58
22,Gold Coast SUNS,Essendon,Marvel Stadium,1479.26,1476.0,-0.22,1494.26,-1.22,1544.71,-4.45
23,Gold Coast SUNS,Melbourne,People First Stadium,1479.26,1343.0,-9.21,1562.04,-14.02,1478.28,-9.15
24,Gold Coast SUNS,Richmond,MCG,1479.26,1555.0,5.12,1652.3,-5.89,1540.73,0.93
1,Hawthorn,Essendon,MCG,1525.3,1412.0,-7.43,1494.26,-5.51,1540.73,-8.36
2,Hawthorn,Melbourne,MCG,1525.3,1572.0,3.06,1562.04,0.64,1540.73,2.03
3,Hawthorn,Geelong Cats,MCG,1525.3,1624.0,6.47,1585.17,2.45,1540.73,5.4
4,Hawthorn,Collingwood,Adelaide Oval,1525.3,1419.0,-6.97,1549.78,-8.44,1511.26,-6.1
5,Hawthorn,Gold Coast SUNS,People First Stadium,1525.3,1102.0,-27.75,1531.39,-28.04,1478.28,-25.45
6,Hawthorn,North Melbourne,Marvel Stadium,1525.3,1674.0,9.75,1545.13,8.34,1544.71,8.37
7,Hawthorn,Sydney Swans,MCG,1525.3,1290.0,-15.43,1486.57,-13.22,1540.73,-16.27
8,Hawthorn,Western Bulldogs,Marvel Stadium,1525.3,1647.0,7.98,1507.74,9.24,1544.71,6.62
9,Hawthorn,St Kilda,University of Tasmania Stadium,1525.3,1525.0,-0.02,1560.61,-2.28,1475.62,3.35
10,Hawthorn,Port Adelaide,Adelaide Oval,1525.3,1428.0,-6.38,1431.43,-0.24,1511.26,-5.51
11,Hawthorn,Brisbane Lions,Marvel Stadium,1525.3,1502.0,-1.53,1464.22,2.58,1544.71,-2.76
12,Hawthorn,Adelaide Crows,MCG,1525.3,1505.0,-1.33,1507.87,-0.19,1540.73,-2.32
13,Hawthorn,GWS GIANTS,University of Tasmania Stadium,1525.3,1450.0,-4.94,1448.04,0.14,1475.62,-1.74
14,Hawthorn,Richmond,MCG,1525.3,1569.0,2.87,1652.3,-5.04,1540.73,1.83
16,Hawthorn,West Coast Eagles,Optus Stadium,1525.3,1808.0,18.53,1611.65,12.18,1505.23,20.11
17,Hawthorn,Geelong Cats,GMHBA Stadium,1525.3,1408.0,-7.69,1585.17,-11.18,1545.83,-8.92
18,Hawthorn,Fremantle,University of Tasmania Stadium,1525.3,1356.0,-11.1,1503.78,-9.83,1475.62,-8.11
19,Hawthorn,Collingwood,MCG,1525.3,1664.0,9.09,1549.78,7.37,1540.73,8.0
20,Hawthorn,Adelaide Crows,Adelaide Oval,1525.3,1552.0,1.75,1507.87,2.93,1511.26,2.7
21,Hawthorn,GWS GIANTS,Manuka Oval,1525.3,1428.0,-6.38,1448.04,-1.38,1524.17,-6.31
22,Hawthorn,Carlton,MCG,1525.3,1857.0,21.75,1500.87,23.73,1540.73,20.53
23,Hawthorn,Richmond,MCG,1525.3,1715.0,12.44,1652.3,3.79,1540.73,11.31
24,Hawthorn,North Melbourne,University of Tasmania Stadium,1525.3,1575.0,3.26,1545.13,1.93,1475.62,6.73
0,Melbourne,Sydney Swans,SCG,1496.65,1421.0,-5.05,1486.57,-4.41,1504.32,-5.54
1,Melbourne,Western Bulldogs,MCG,1496.65,1764.0,17.86,1507.74,17.0,1540.73,14.49
2,Melbourne,Hawthorn,MCG,1496.65,1624.0,8.51,1516.96,7.06,1540.73,5.4
3,Melbourne,Port Adelaide,Adelaide Oval,1496.65,1358.0,-9.26,1431.43,-5.13,1511.26,-10.14
4,Melbourne,Adelaide Crows,Adelaide Oval,1496.65,1407.0,-5.99,1507.87,-6.69,1511.26,-6.9
5,Melbourne,Brisbane Lions,MCG,1496.65,1354.0,-9.53,1464.22,-7.53,1540.73,-12.12
7,Melbourne,Richmond,MCG,1496.65,1694.0,13.19,1652.3,2.52,1540.73,9.95
8,Melbourne,Geelong Cats,MCG,1496.65,1574.0,5.17,1585.17,-0.7,1540.73,2.16
9,Melbourne,Carlton,MCG,1496.65,1605.0,7.24,1500.87,6.94,1540.73,4.17
10,Melbourne,West Coast Eagles,Optus Stadium,1496.65,1366.0,-8.73,1611.65,-15.24,1505.23,-9.25
11,Melbourne,St Kilda,MCG,1496.65,1714.0,14.52,1560.61,9.83,1540.73,11.25
12,Melbourne,Fremantle,TIO Traeger Park,1496.65,1455.0,-2.78,1503.78,-3.24,1713.0,-15.06
13,Melbourne,Collingwood,MCG,1496.65,1499.0,0.16,1549.78,-3.28,1540.73,-2.71
15,Melbourne,North Melbourne,MCG,1496.65,1298.0,-13.27,1545.13,-15.99,1540.73,-15.75
16,Melbourne,Brisbane Lions,Gabba,1496.65,1435.0,-4.12,1464.22,-2.0,1509.23,-4.92
17,Melbourne,West Coast Eagles,MCG,1496.65,1681.0,12.32,1611.65,4.3,1540.73,9.1
18,Melbourne,Essendon,MCG,1496.65,1506.0,0.62,1494.26,0.79,1540.73,-2.25
19,Melbourne,Fremantle,Optus Stadium,1496.65,1427.0,-4.65,1503.78,-5.11,1505.23,-5.2
20,Melbourne,GWS GIANTS,MCG,1496.65,1442.0,-3.65,1448.04,-0.42,1540.73,-6.41
21,Melbourne,Western Bulldogs,Marvel Stadium,1496.65,1359.0,-9.2,1507.74,-9.87,1544.71,-12.02
22,Melbourne,Port Adelaide,MCG,1496.65,1487.0,-0.64,1431.43,3.88,1540.73,-3.49
23,Melbourne,Gold Coast SUNS,People First Stadium,1496.65,1671.0,11.65,1531.39,9.12,1478.28,13.04
24,Melbourne,Collingwood,MCG,1496.65,1282.0,-14.34,1549.78,-17.28,1540.73,-16.79
1,North Melbourne,GWS GIANTS,ENGIE Stadium,1484.26,1430.0,-3.66,1448.04,-1.25,1499.12,-4.61
2,North Melbourne,Fremantle,Marvel Stadium,1484.26,1440.0,-2.98,1503.78,-4.24,1544.71,-6.78
3,North Melbourne,Carlton,Marvel Stadium,1484.26,1328.0,-10.53,1500.87,-11.52,1544.71,-14.03
4,North Melbourne,Brisbane Lions,Norwood Oval,1484.26,1460.0,-1.63,1464.22,-0.29,1589.5,-8.15
5,North Melbourne,Geelong Cats,GMHBA Stadium,1484.26,1727.0,16.35,1585.17,8.95,1545.83,11.72
6,North Melbourne,Hawthorn,Marvel Stadium,1484.26,1342.0,-9.58,1516.96,-11.53,1544.71,-13.12
7,North Melbourne,Adelaide Crows,Ninja Stadium,1484.26,1361.0,-8.3,1507.87,-9.74,1544.75,-11.9
8,North Melbourne,St Kilda,Marvel Stadium,1484.26,1404.0,-5.41,1560.61,-10.04,1544.71,-9.11
9,North Melbourne,Gold Coast SUNS,TIO Stadium,1484.26,1480.0,-0.29,1531.39,-3.36,1583.5,-6.54
10,North Melbourne,Essendon,Marvel Stadium,1484.26,1477.0,-0.49,1494.26,-1.16,1544.71,-4.38
11,North Melbourne,Port Adelaide,Ninja Stadium,1484.26,1474.0,-0.69,1431.43,2.97,1544.75,-4.58
13,North Melbourne,West Coast Eagles,Optus Stadium,1484.26,1558.0,4.97,1611.65,-3.33,1505.23,3.51
14,North Melbourne,Collingwood,Marvel Stadium,1484.26,1609.0,8.4,1549.78,3.82,1544.71,4.16
15,North Melbourne,Melbourne,MCG,1484.26,1529.0,3.01,1562.04,-2.12,1540.73,-0.76
16,North Melbourne,Western Bulldogs,Marvel Stadium,1484.26,1461.0,-1.57,1507.74,-3.1,1544.71,-5.42
17,North Melbourne,Gold Coast SUNS,Marvel Stadium,1484.26,1588.0,6.99,1531.39,3.7,1544.71,2.8
18,North Melbourne,Sydney Swans,SCG,1484.26,1348.0,-9.18,1486.57,-9.32,1504.32,-10.39
19,North Melbourne,Carlton,Marvel Stadium,1484.26,1516.0,2.14,1500.87,1.01,1544.71,-1.86
20,North Melbourne,Geelong Cats,Ninja Stadium,1484.26,1656.0,11.57,1585.17,4.47,1544.75,7.2
21,North Melbourne,Richmond,Marvel Stadium,1484.26,1802.0,21.41,1652.3,9.06,1544.71,16.66
22,North Melbourne,West Coast Eagles,Ninja Stadium,1484.26,1581.0,6.52,1611.65,-1.9,1544.75,2.35
23,North Melbourne,Western Bulldogs,Marvel Stadium,1484.26,1341.0,-9.65,1507.74,-11.06,1544.71,-13.19
24,North Melbourne,Hawthorn,University of Tasmania Stadium,1484.26,1226.0,-17.4,1516.96,-19.18,1475.62,-16.92
1,Port Adelaide,West Coast Eagles,Adelaide Oval,1564.91,1612.0,3.01,1611.65,0.02,1511.26,6.67
2,Port Adelaide,Richmond,MCG,1564.91,1612.0,3.01,1652.3,-2.44,1540.73,4.63
3,Port Adelaide,Melbourne,Adelaide Oval,1564.91,1464.0,-6.45,1562.04,-6.28,1511.26,-3.13
4,Port Adelaide,Essendon,Adelaide Oval,1564.91,1553.0,-0.76,1494.26,3.93,1511.26,2.76
5,Port Adelaide,Fremantle,Adelaide Oval,1564.91,1557.0,-0.51,1503.78,3.54,1511.26,3.03
6,Port Adelaide,Collingwood,MCG,1564.91,1422.0,-9.13,1549.78,-8.25,1540.73,-7.71
7,Port Adelaide,St Kilda,Adelaide Oval,1564.91,1707.0,9.08,1560.61,9.38,1511.26,12.95
8,Port Adelaide,Adelaide Crows,Adelaide Oval,1564.91,1369.0,-12.52,1507.87,-9.21,1511.26,-9.41
9,Port Adelaide,Geelong Cats,GMHBA Stadium,1564.91,1639.0,4.73,1585.17,3.4,1545.83,6.03
10,Port Adelaide,Hawthorn,Adelaide Oval,1564.91,1529.0,-2.29,1516.96,0.79,1511.26,1.17
11,Port Adelaide,North Melbourne,Ninja Stadium,1564.91,1593.0,1.79,1545.13,3.1,1544.75,3.12
12,Port Adelaide,Carlton,Adelaide Oval,1564.91,1443.0,-7.79,1500.87,-3.86,1511.26,-4.52
14,Port Adelaide,GWS GIANTS,ENGIE Stadium,1564.91,1342.0,-14.24,1448.04,-7.32,1499.12,-10.48
15,Port Adelaide,Brisbane Lions,Adelaide Oval,1564.91,1559.0,-0.38,1464.22,6.47,1511.26,3.16
16,Port Adelaide,St Kilda,Marvel Stadium,1564.91,1549.0,-1.02,1560.61,-0.74,1544.71,0.28
17,Port Adelaide,Western Bulldogs,Adelaide Oval,1564.91,1631.0,4.22,1507.74,8.18,1511.26,7.92
18,Port Adelaide,Gold Coast SUNS,People First Stadium,1564.91,1716.0,9.65,1531.39,12.06,1478.28,16.08
19,Port Adelaide,Richmond,Adelaide Oval,1564.91,1732.0,10.68,1652.3,4.82,1511.26,14.61
20,Port Adelaide,Carlton,Marvel Stadium,1564.91,1615.0,3.2,1500.87,7.6,1544.71,4.55
21,Port Adelaide,Sydney Swans,Adelaide Oval,1564.91,1768.0,12.98,1486.57,18.93,1511.26,16.99
22,Port Adelaide,Melbourne,MCG,1564.91,1578.0,0.84,1562.04,1.02,1540.73,2.42
23,Port Adelaide,Adelaide Crows,Adelaide Oval,1564.91,1512.0,-3.38,1507.87,0.27,1511.26,0.05
24,Port Adelaide,Fremantle,Optus Stadium,1564.91,1491.0,-4.72,1503.78,-0.85,1505.23,-0.95
0,Richmond,Gold Coast SUNS,People First Stadium,1394.87,1193.0,-14.47,1531.39,-22.1,1478.28,-19.3
1,Richmond,Carlton,MCG,1394.87,1320.0,-5.37,1500.87,-12.05,1540.73,-14.33
2,Richmond,Port Adelaide,MCG,1394.87,1257.0,-9.88,1431.43,-12.19,1540.73,-18.42
3,Richmond,Sydney Swans,MCG,1394.87,1614.0,15.71,1486.57,8.57,1540.73,4.76
4,Richmond,St Kilda,Norwood Oval,1394.87,1529.0,9.62,1560.61,-2.03,1589.5,-3.81
5,Richmond,West Coast Eagles,Optus Stadium,1394.87,1361.0,-2.43,1611.65,-15.55,1505.23,-9.58
7,Richmond,Melbourne,MCG,1394.87,1476.0,5.82,1562.04,-5.51,1540.73,-4.2
8,Richmond,Fremantle,MCG,1394.87,1317.0,-5.58,1503.78,-12.42,1540.73,-14.52
9,Richmond,Western Bulldogs,MCG,1394.87,1324.0,-5.08,1507.74,-12.19,1540.73,-14.07
10,Richmond,Brisbane Lions,Gabba,1394.87,1186.0,-14.97,1464.22,-19.0,1509.23,-21.42
11,Richmond,Essendon,MCG,1394.87,1374.0,-1.5,1494.26,-8.05,1540.73,-10.82
12,Richmond,Geelong Cats,GMHBA Stadium,1394.87,1352.0,-3.07,1585.17,-14.71,1545.83,-12.54
13,Richmond,Adelaide Crows,Adelaide Oval,1394.87,1480.0,6.1,1507.87,-1.85,1511.26,-2.07
14,Richmond,Hawthorn,MCG,1394.87,1495.0,7.18,1516.96,-1.45,1540.73,-2.97
16,Richmond,Carlton,MCG,1394.87,1358.0,-2.64,1500.87,-9.52,1540.73,-11.86
17,Richmond,Fremantle,Optus Stadium,1394.87,1432.0,2.66,1503.78,-4.77,1505.23,-4.87
18,Richmond,GWS GIANTS,MCG,1394.87,1421.0,1.87,1448.04,-1.87,1540.73,-7.77
19,Richmond,Port Adelaide,Adelaide Oval,1394.87,1361.0,-2.43,1431.43,-4.92,1511.26,-9.94
20,Richmond,Collingwood,MCG,1394.87,1462.0,4.81,1549.78,-5.66,1540.73,-5.11
21,Richmond,North Melbourne,Marvel Stadium,1394.87,1386.0,-0.64,1545.13,-10.3,1544.71,-10.27
22,Richmond,St Kilda,Marvel Stadium,1394.87,1351.0,-3.15,1560.61,-13.43,1544.71,-12.54
23,Richmond,Hawthorn,MCG,1394.87,1487.0,6.6,1516.96,-1.98,1540.73,-3.49
24,Richmond,Gold Coast SUNS,MCG,1394.87,1546.0,10.83,1531.39,0.95,1540.73,0.34
1,St Kilda,Geelong Cats,GMHBA Stadium,1577.0,1446.0,-8.31,1585.17,-8.78,1545.83,-6.46
2,St Kilda,Collingwood,MCG,1577.0,1654.0,4.88,1549.78,6.72,1540.73,7.35
3,St Kilda,Essendon,Marvel Stadium,1577.0,1575.0,-0.13,1494.26,5.4,1544.71,1.96
4,St Kilda,Richmond,Norwood Oval,1577.0,1734.0,9.96,1652.3,4.94,1589.5,9.09
5,St Kilda,GWS GIANTS,Manuka Oval,1577.0,1624.0,2.98,1448.04,12.15,1524.17,6.55
6,St Kilda,Western Bulldogs,Marvel Stadium,1577.0,1318.0,-16.42,1507.74,-12.58,1544.71,-14.68
7,St Kilda,Port Adelaide,Adelaide Oval,1577.0,1333.0,-15.47,1431.43,-6.88,1511.26,-11.8
8,St Kilda,North Melbourne,Marvel Stadium,1577.0,1758.0,11.48,1545.13,13.78,1544.71,13.81
9,St Kilda,Hawthorn,University of Tasmania Stadium,1577.0,1702.0,7.93,1516.96,12.2,1475.62,15.34
10,St Kilda,Fremantle,Marvel Stadium,1577.0,1564.0,-0.82,1503.78,4.0,1544.71,1.25
11,St Kilda,Melbourne,MCG,1577.0,1338.0,-15.16,1562.04,-14.34,1540.73,-13.16
12,St Kilda,West Coast Eagles,Optus Stadium,1577.0,1564.0,-0.82,1611.65,-2.96,1505.23,3.9
13,St Kilda,Gold Coast SUNS,Marvel Stadium,1577.0,1434.0,-9.07,1531.39,-6.36,1544.71,-7.17
14,St Kilda,Brisbane Lions,Gabba,1577.0,1371.0,-13.06,1464.22,-6.37,1509.23,-9.16
16,St Kilda,Port Adelaide,Marvel Stadium,1577.0,1464.0,-7.17,1431.43,2.28,1544.71,-5.22
17,St Kilda,Sydney Swans,Marvel Stadium,1577.0,1672.0,6.02,1486.57,12.47,1544.71,8.24
18,St Kilda,Adelaide Crows,Adelaide Oval,1577.0,1494.0,-5.26,1507.87,-0.92,1511.26,-1.14
19,St Kilda,West Coast Eagles,Marvel Stadium,1577.0,1816.0,15.16,1611.65,12.68,1544.71,17.56
20,St Kilda,Essendon,Marvel Stadium,1577.0,1790.0,13.51,1494.26,19.79,1544.71,15.88
21,St Kilda,Brisbane Lions,Marvel Stadium,1577.0,1547.0,-1.9,1464.22,5.65,1544.71,0.15
22,St Kilda,Richmond,Marvel Stadium,1577.0,1737.0,10.15,1652.3,5.13,1544.71,12.45
23,St Kilda,Geelong Cats,Marvel Stadium,1577.0,1759.0,11.54,1585.17,10.97,1544.71,13.87
24,St Kilda,Carlton,Marvel Stadium,1577.0,1577.0,-0.0,1500.87,5.07,1544.71,2.09
0,Sydney Swans,Melbourne,SCG,1557.48,1574.0,1.06,1562.04,0.77,1504.32,4.63
1,Sydney Swans,Collingwood,MCG,1557.48,1604.0,2.99,1549.78,3.5,1540.73,4.11
2,Sydney Swans,Essendon,SCG,1557.48,1565.0,0.48,1494.26,4.73,1504.32,4.03
3,Sydney Swans,Richmond,MCG,1557.48,1535.0,-1.44,1652.3,-7.1,1540.73,-0.37
4,Sydney Swans,West Coast Eagles,Adelaide Hills,1557.48,1525.0,-2.09,1611.65,-5.38,1476.0,3.32
6,Sydney Swans,Gold Coast SUNS,SCG,1557.48,1649.0,5.88,1531.39,7.68,1504.32,9.62
7,Sydney Swans,Hawthorn,MCG,1557.48,1858.0,19.3,1516.96,22.48,1540.73,20.59
8,Sydney Swans,GWS GIANTS,SCG,1557.48,1501.0,-3.63,1448.04,3.66,1504.32,-0.22
9,Sydney Swans,Fremantle,Optus Stadium,1557.48,1671.0,7.29,1503.78,11.12,1505.23,11.01
10,Sydney Swans,Carlton,SCG,1557.48,1588.0,1.96,1500.87,5.81,1504.32,5.56
11,Sydney Swans,Western Bulldogs,Marvel Stadium,1557.48,1619.0,3.95,1507.74,7.38,1544.71,4.81
13,Sydney Swans,Geelong Cats,SCG,1557.48,1590.0,2.09,1585.17,0.3,1504.32,5.7
14,Sydney Swans,Adelaide Crows,Adelaide Oval,1557.48,1477.0,-5.17,1507.87,-2.05,1511.26,-2.27
15,Sydney Swans,GWS GIANTS,ENGIE Stadium,1557.48,1451.0,-6.84,1448.04,0.2,1499.12,-3.21
16,Sydney Swans,Fremantle,SCG,1557.48,1432.0,-8.06,1503.78,-4.77,1504.32,-4.81
17,Sydney Swans,St Kilda,Marvel Stadium,1557.48,1506.0,-3.31,1560.61,-3.5,1544.71,-2.51
18,Sydney Swans,North Melbourne,SCG,1557.48,1693.0,8.7,1545.13,9.57,1504.32,12.54
19,Sydney Swans,Brisbane Lions,Gabba,1557.48,1468.0,-5.75,1464.22,0.26,1509.23,-2.73
20,Sydney Swans,Western Bulldogs,SCG,1557.48,1611.0,3.44,1507.74,6.85,1504.32,7.09
21,Sydney Swans,Port Adelaide,Adelaide Oval,1557.48,1274.0,-18.2,1431.43,-11.0,1511.26,-15.7
22,Sydney Swans,Collingwood,SCG,1557.48,1409.0,-9.53,1549.78,-9.08,1504.32,-6.34
23,Sydney Swans,Essendon,Marvel Stadium,1557.48,1526.0,-2.02,1494.26,2.12,1544.71,-1.21
24,Sydney Swans,Adelaide Crows,SCG,1557.48,1696.0,8.89,1507.87,12.48,1504.32,12.74
1,West Coast Eagles,Port Adelaide,Adelaide Oval,1360.78,1162.0,-14.61,1431.43,-18.82,1511.26,-23.11
2,West Coast Eagles,GWS GIANTS,Optus Stadium,1360.78,1408.0,3.47,1448.04,-2.77,1505.23,-6.46
3,West Coast Eagles,Western Bulldogs,Marvel Stadium,1360.78,1318.0,-3.14,1507.74,-12.58,1544.71,-14.68
4,West Coast Eagles,Sydney Swans,Adelaide Hills,1360.78,1486.0,9.2,1486.57,-0.04,1476.0,0.68
5,West Coast Eagles,Richmond,Optus Stadium,1360.78,1376.0,1.12,1652.3,-16.72,1505.23,-8.59
6,West Coast Eagles,Fremantle,Optus Stadium,1360.78,1431.0,5.16,1503.78,-4.84,1505.23,-4.93
7,West Coast Eagles,Gold Coast SUNS,People First Stadium,1360.78,1261.0,-7.33,1531.39,-17.66,1478.28,-14.7
8,West Coast Eagles,Essendon,Optus Stadium,1360.78,1380.0,1.41,1494.26,-7.65,1505.23,-8.32
9,West Coast Eagles,Collingwood,Marvel Stadium,1360.78,1354.0,-0.5,1549.78,-12.63,1544.71,-12.35
10,West Coast Eagles,Melbourne,Optus Stadium,1360.78,1598.0,17.43,1562.04,2.3,1505.23,6.16
11,West Coast Eagles,Adelaide Crows,Adelaide Oval,1360.78,1146.0,-15.78,1507.87,-24.0,1511.26,-24.17
12,West Coast Eagles,St Kilda,Optus Stadium,1360.78,1434.0,5.38,1560.61,-8.11,1505.23,-4.73
13,West Coast Eagles,North Melbourne,Optus Stadium,1360.78,1294.0,-4.91,1545.13,-16.25,1505.23,-14.03
15,West Coast Eagles,Essendon,Marvel Stadium,1360.78,1356.0,-0.35,1494.26,-9.25,1544.71,-12.22
16,West Coast Eagles,Hawthorn,Optus Stadium,1360.78,1269.0,-6.74,1516.96,-16.35,1505.23,-15.69
17,West Coast Eagles,Melbourne,MCG,1360.78,1257.0,-7.63,1562.04,-19.53,1540.73,-18.42
18,West Coast Eagles,Brisbane Lions,Optus Stadium,1360.78,1436.0,5.53,1464.22,-1.93,1505.23,-4.6
19,West Coast Eagles,St Kilda,Marvel Stadium,1360.78,1438.0,5.67,1560.61,-7.86,1544.71,-6.91
20,West Coast Eagles,Fremantle,Optus Stadium,1360.78,1377.0,1.19,1503.78,-8.43,1505.23,-8.52
21,West Coast Eagles,Gold Coast SUNS,Optus Stadium,1360.78,1544.0,13.46,1531.39,0.82,1505.23,2.58
22,West Coast Eagles,North Melbourne,Ninja Stadium,1360.78,1330.0,-2.26,1545.13,-13.92,1544.75,-13.9
23,West Coast Eagles,Carlton,Optus Stadium,1360.78,1400.0,2.88,1500.87,-6.72,1505.23,-6.99
24,West Coast Eagles,Geelong Cats,GMHBA Stadium,1360.78,1243.0,-8.66,1585.17,-21.59,1545.83,-19.59
1,Western Bulldogs,Melbourne,MCG,1587.7,1431.0,-9.87,1562.04,-8.39,1540.73,-7.12
2,Western Bulldogs,Gold Coast SUNS,Mars Stadium,1587.7,1663.0,4.74,1531.39,8.59,1504.0,10.57
3,Western Bulldogs,West Coast Eagles,Marvel Stadium,1587.7,1844.0,16.14,1611.65,14.42,1544.71,19.38
4,Western Bulldogs,Geelong Cats,Adelaide Oval,1587.7,1619.0,1.97,1585.17,2.13,1511.26,7.13
5,Western Bulldogs,Essendon,Marvel Stadium,1587.7,1426.0,-10.18,1494.26,-4.57,1544.71,-7.68
6,Western Bulldogs,St Kilda,Marvel Stadium,1587.7,1970.0,24.08,1560.61,26.23,1544.71,27.53
7,Western Bulldogs,Fremantle,Optus Stadium,1587.7,1544.0,-2.75,1503.78,2.67,1505.23,2.58
8,Western Bulldogs,Hawthorn,Marvel Stadium,1587.7,1459.0,-8.11,1516.96,-3.82,1544.71,-5.55
9,Western Bulldogs,Richmond,MCG,1587.7,1875.0,18.1,1652.3,13.48,1540.73,21.7
10,Western Bulldogs,GWS GIANTS,ENGIE Stadium,1587.7,1354.0,-14.72,1448.04,-6.49,1499.12,-9.68
11,Western Bulldogs,Sydney Swans,Marvel Stadium,1587.7,1563.0,-1.56,1486.57,5.14,1544.71,1.18
12,Western Bulldogs,Collingwood,Marvel Stadium,1587.7,1576.0,-0.74,1549.78,1.69,1544.71,2.03
13,Western Bulldogs,Brisbane Lions,Marvel Stadium,1587.7,1383.0,-12.89,1464.22,-5.55,1544.71,-10.47
14,Western Bulldogs,Fremantle,Marvel Stadium,1587.7,1711.0,7.77,1503.78,13.78,1544.71,10.77
16,Western Bulldogs,North Melbourne,Marvel Stadium,1587.7,1616.0,1.78,1545.13,4.59,1544.71,4.62
17,Western Bulldogs,Port Adelaide,Adelaide Oval,1587.7,1382.0,-12.96,1431.43,-3.45,1511.26,-8.55
18,Western Bulldogs,Carlton,Marvel Stadium,1587.7,1469.0,-7.48,1500.87,-2.12,1544.71,-4.9
19,Western Bulldogs,Geelong Cats,GMHBA Stadium,1587.7,1737.0,9.4,1585.17,9.58,1545.83,12.37
20,Western Bulldogs,Sydney Swans,SCG,1587.7,1543.0,-2.82,1486.57,3.8,1504.32,2.57
21,Western Bulldogs,Melbourne,Marvel Stadium,1587.7,1583.0,-0.3,1562.04,1.34,1544.71,2.48
22,Western Bulldogs,Adelaide Crows,Adelaide Oval,1587.7,1452.0,-8.55,1507.87,-3.71,1511.26,-3.92
23,Western Bulldogs,North Melbourne,Marvel Stadium,1587.7,1826.0,15.01,1545.13,18.18,1544.71,18.21
24,Western Bulldogs,GWS GIANTS,Mars Stadium,1587.7,1491.0,-6.09,1448.04,2.97,1504.0,-0.86
